wcpm,v1,v2,v3,v4
127.6266376,0.446014923,0.369828567,0.092649744,0.022258512
83.29586937,0.378771242,0.235897204,0.072998053,0.002348245
133.8296825,0.928347399,0.338335155,0.103934391,0.226777665
95.34199791,0.357912727,0.388410257,0.137645404,0.033232441
46.8493943,0.229133651,0.234062334,0.039078,NA
53.90324201,0.172323993,0.190729654,0.001435173,0.006875147
112.4361158,0.454061593,0.438694438,0.26814854,0.037763677
93.5384332,0.333060062,0.433043651,0.084136935,0.02589622
97.04391336,0.491323785,0.587549144,0.159701511,NA
100.2175732,0.689588545,0.518627303,0.045501998,0.213740236
50.35314658,1.058932891,0.248854238,0.200735134,0.012134969
50.15815635,0.32031175,0.278298039,0.0960038,0.058609582
97.48537719,1.506214083,0.311466237,0.096578245,0.013639526
125.3918495,1.314968626,0.317676438,0.068415809,NA
124.8815415,1.062711578,0.467438346,0.077255992,0.228239289
80.57516437,0.532336824,0.298650161,0.068824252,0.122225104
112.4217198,0.328409096,0.362409413,0.044763887,0.002327488
54.88194001,0.178175327,0.175314552,0.08389147,0.068515786
84.04003893,0.309069046,0.266031463,0.188483546,0.032280413
123.466407,0.472843239,0.351545001,0.068734767,0.175819733
64.32872082,0.470473571,0.208434822,0.071583729,0.037067545
51.83514456,0.152509956,0.149445699,0.097030565,0.065762617
68.06213214,0.399396628,0.342059089,0.086324314,0.12812866
84.09111701,0.274025013,0.499932627,0.049411595,NA
91.28351685,0.30237253,0.199056402,0.075826568,0.111024139
91.55078406,0.293208814,0.370973023,0.030976818,0.042852226
49.8490929,0.315537444,0.142753848,0.14621998,0.091945897
48.7254284,0.402505546,0.312969953,0.094631427,0.024604009
95.53244096,0.33548821,0.545383134,0.034522396,0.001318722
116.8983748,0.624922661,0.327219636,0.049766322,0.29334482
65.68034861,0.341113789,0.233035348,0.112089137,0.091615146
121.1764405,0.368336623,0.42628684,0.132649526,0.156164711
134.3903805,0.337482568,0.344807648,0.072885099,0.023957277
118.1929318,0.462463444,0.540898082,0.209451857,0.0126134
46.40435444,0.473739506,0.343550531,0.02993373,0.006988868
72.71120208,0.445460052,0.219755491,0.013362822,0.068215455
65.85794198,0.285593712,0.305630687,0.083234307,0.058013511
28.29849674,0.235836867,0.199906728,0.027307988,0.040845028
126.1033323,0.567851772,0.578125318,0.098709616,0.104112401
123.4484506,0.769910664,0.36419416,0.246277039,0.046509946
124.9486231,0.347038128,0.405610388,0.182910636,0.024458598
136.9570711,0.68223317,0.404455148,0.196661814,0.023012166
75.34816047,0.221004395,0.239452057,0.165330097,0.054799202
54.28469835,0.696640584,0.425002496,0.031713103,0.040592729
96.1432338,0.473510101,0.406479232,0.069841168,0.287009588
105.6440645,0.340375439,0.394961423,0.075935679,0.042491962
122.4427944,0.557770196,0.516879385,0.129038797,0.009219252
110.03663,0.51296184,0.491229191,0.030138851,0.008996524
80.3340204,0.433387079,0.293542689,0.058966654,0.037627594
60.40481186,0.202181154,0.129899129,0.093499908,0.088258299
109.7198588,0.927333723,0.560873777,0.183266208,0.086906323
61.02345772,0.278731085,0.330015866,0.046166785,0.028596519
183.7536434,0.822598116,0.498980561,0.042902831,NA
161.4941526,0.816017077,0.463245192,0.212138012,0.045667183
133.627708,0.455537348,0.366565,0.21630764,0.077939124
154.8295455,0.530204699,0.39781745,0.076063029,0.022502169
144.3373812,0.595961887,0.564409684,0.068528965,0.233865465
150.0532447,0.462531422,0.545861334,0.152872663,0.170901386
121.2136929,0.320998506,0.455454708,0.053326344,0.211790498
38.80585834,0.278532468,0.187418728,0.029755488,NA
126.4648709,0.680976469,0.409932696,0.193028674,0.012308469
77.40445753,0.323376106,0.540726029,0.07459578,NA
79.43205897,0.337008417,0.298677278,0.084204495,NA
76.95213241,0.291569199,0.363430894,0.05734772,0.163722701
71.28477306,0.469985261,0.448616599,0.148800179,0.004757433
60.61163365,0.157451238,0.231658728,0.101061003,0.021746941
119.3167475,0.764036442,0.269043432,0.07254442,0.071294817
169.6379486,0.698003807,0.445116053,0.079813945,0.009140759
106.154919,0.404776721,0.242925868,0.088926747,0.10760482
158.8788265,0.684214231,0.294767578,0.113633608,0.073741025
101.9093989,0.333856073,0.361637571,0.052908234,0.007819224
103.7590881,0.496171744,0.396021603,0.072209835,0.059698845
51.11706239,0.185848823,0.226442072,0.078881889,0.086635919
96.6977608,0.443646095,0.477113493,0.109456996,NA
182.4934517,0.879269365,0.651045995,0.036362921,0.114094972
111.2153561,0.388558494,0.434748742,0.107601083,0.157796461
65.08144831,0.30603901,0.295387217,0.100628263,NA
111.6395372,0.335075111,0.446216774,0.168670441,0.053666221
68.64631546,0.268275968,0.25154381,0.166675147,0.022932625
19.63874409,0.171471763,0.048374906,NA,NA
83.66767149,0.199919802,0.223076085,0.063193141,0.001874106
87.92103389,0.836224084,0.325702468,0.086785194,0.145393651
65.72689343,0.248913155,0.182117898,0.061785387,NA
180.1256691,0.552905359,0.347114735,0.181314262,0.195597246
114.0335213,0.283662096,0.501373428,0.088530131,0.006265679
76.05394241,0.23855573,0.469926746,0.135262558,0.060023556
111.2387957,0.599638241,0.418864331,0.147569306,0.004609066
84.63747729,0.386532643,0.284695761,0.05884761,0.026357176
101.0446158,0.324494946,0.452664593,0.057479621,0.031641851
89.64781217,0.617171842,0.420154188,0.035214637,0.032651339
56.0720227,0.470707777,0.203733131,0.084415256,0.020431762
87.19633846,0.245112014,0.384631392,0.048729911,0.041038029
80.80142614,0.197219139,0.180601145,0.038656015,0.01798039
51.27828602,0.574047092,0.244276047,0.100939701,0.055810788
103.8684994,0.498657415,0.325014785,0.050430586,0.164131095
100.2155849,0.918867919,0.275441968,0.148910608,0.013990833
130.8739317,0.436833721,0.376027446,0.095426224,0.002929359
100.1162552,0.646806388,0.558925574,0.124487433,0.022278972
43.48167642,0.244697096,0.191656419,0.170681305,0.095907108
126.8882175,1.862527716,0.381374723,0.115299335,NA
86.92652639,0.843885452,0.235462025,0.05175985,0.037571506
88.9659721,0.339183676,0.277591137,0.248534215,0.05055148
81.20797972,0.870583829,0.451393849,0.131291195,0.173002504
69.62913465,0.283495542,0.122672859,0.076484896,0.001244586
88.95403321,0.613923011,0.220283012,0.038160263,0.150495751
98.15696832,0.392983543,0.381994861,0.085456973,0.300506607
57.13208259,0.785120695,0.109633944,0.052299725,0.001826317
182.1743389,1.232705704,0.561466589,0.096017939,0.219826496
41.58497105,1.586786219,0.282327476,0.199605929,0.018390047
114.8714278,0.518543901,0.41788874,0.063773712,0.113480583
99.359118,0.510355993,0.318475128,0.097830258,0.114001343
54.11622276,0.358604951,0.182835072,0.035309962,0.022421525
43.66591854,0.361709948,0.310263627,0.053752774,0.011328615
91.18673647,0.628764371,0.334675628,0.228716065,0.003382378
85.24399549,0.753557044,0.314527851,0.103131819,0.019325262
77.70421755,0.720330279,0.240028262,0.264868777,0.245054945
88.98394716,0.417458194,0.190955135,0.054195606,0.011958548
84.40229129,0.380613257,0.31675122,0.103094961,0.002526794
95.33602644,0.374159408,0.428083386,0.132757143,0.222618564
126.6765604,0.696457561,0.72913318,0.080055154,0.130087298
78.18098117,0.671926523,0.377107132,0.050122702,0.011791169
90.39420027,1.364141364,0.395095901,0.065514911,0.002730791
95.02435541,0.252846051,0.231705487,0.088459639,NA
97.30535541,0.391360242,0.578684439,0.178391795,0.094185669
89.92797371,0.528053336,0.426739189,0.138899472,0.099427818
131.0709455,0.805476095,0.205807926,0.024988009,0.053164146
43.51167998,0.297553476,0.195768496,0.067889875,0.014654616
102.9894438,0.308593104,0.485873581,0.057951076,NA
145.9172169,0.852927951,0.37485211,0.15698781,0.024687959
112.4037945,0.412780053,0.370832029,0.126613431,0.25527015
124.682136,0.542676192,0.211373627,0.237114782,0.03375864
71.9373934,0.918019894,0.302198516,0.084580685,0.00426949
95.18543722,0.522294861,0.786753983,0.04720538,0.086314958
102.8788269,0.63955594,0.574374224,0.075110742,0.052650768
165.6637168,0.44439724,0.422262498,0.109670891,0.006684961
143.2622285,0.393109808,0.712887127,0.055655503,0.004680608
32.51004188,0.379046403,0.23818347,0.026038204,0.003109826
160.3770476,0.494251729,0.580273769,0.182404924,0.212335919
119.2300082,0.372595061,0.318931421,0.115124903,0.037979207
81.79612585,0.254109382,0.199159455,0.061713602,0.023286265
92.56323815,0.550381168,0.426805698,0.125622251,0.004528971
73.17416389,0.245871684,0.387588268,0.116756624,0.114847863
77.5161492,0.35620273,0.418989678,0.201005557,0.153791823
76.85223943,0.47770224,0.307397666,0.173566677,0.047134402
123.1809125,0.462024234,0.492071753,0.222266639,0.041393319
90.13887676,1.318698256,0.263784942,0.055051001,0.012518296
78.48283453,0.209534354,0.347187095,0.111651615,0.106738201
55.6045229,0.618426796,0.310417378,0.051419171,0.03605715
71.97099515,0.730516551,0.452643078,0.180660881,0.085339997
127.5783885,0.668235926,0.464369355,0.088077322,0.086793777
125.3145037,0.471348368,0.502376893,0.057228323,0.086924127
41.47783251,0.177340541,0.267482963,0.040237293,NA
63.66900226,0.247031329,0.347719691,0.081129436,0.034517584
144.489268,0.551980375,0.452038398,0.17729884,0.139120917
86.36768177,0.640801561,0.653867216,0.083095196,0.042656779
51.15744256,0.330881449,0.23788744,0.109898415,0.220941437
106.9617994,0.43485093,0.492659251,0.128197078,0.019568687
129.5389448,3.757962549,0.448288204,0.072505685,0.189304972
110.9872966,0.440281639,0.720684558,0.152908951,0.054215317
62.35783199,0.179801247,0.107430252,0.093205136,0.023396391
126.9120861,0.4822419,0.619148847,0.071009796,0.044501411
111.7627892,1.760448128,0.42681962,0.199522876,0.092938602
34.16464357,0.183811184,0.181757543,0.141752272,0.064749307
104.306389,0.897848538,0.754451878,0.084761089,0.132542276
79.04386799,0.269499001,0.402058074,0.061936933,NA
60.2821368,0.415341291,0.409756008,0.169226956,0.236518028
92.48371206,0.63019414,0.348541923,0.126727029,0.154339925
96.73962228,1.407559469,0.316454803,0.029583266,0.053916021
106.630024,1.029152877,0.438366527,0.078979321,0.111860009
74.12587413,0.636771018,0.433942536,0.129817984,0.008585688
121.6394888,0.553843897,0.29342723,0.011003521,NA
55.23644661,0.601062211,0.446189967,0.053559863,NA
96.43115256,0.682596744,0.309973609,0.052257039,0.40667707
95.24495677,0.802357077,0.397370384,0.061940836,0.15043631
135.7476727,1.174217769,0.384204985,0.084397807,0.190927856
109.8039216,0.417104683,0.593441622,0.001695547,NA
102.943199,0.763975315,0.370156716,0.111974205,0.029604006
70.58652659,0.940473615,0.321468595,0.056357289,0.018668604
129.3523677,0.700122596,0.566489068,0.091698493,0.301216016
44.6271286,0.207474066,0.047494063,0.011248594,0.039995001
90.247394,0.245378136,0.542774698,0.08838166,0.038142999
143.9043092,0.731768565,0.436273959,0.046143621,0.071400361
115.233597,0.432385729,0.440330708,0.073064086,0.103098087
77.84942895,0.300830976,0.153668221,0.487653038,NA
98.66964643,0.451622665,0.430769204,0.27482933,0.087187505
73.14913866,0.314995416,0.307197477,0.088142568,0.073247624
97.46823258,0.574316425,0.331495373,0.040804434,0.009727252
114.5680537,0.647832245,0.735446741,0.047226388,0.127897411
73.74462509,0.392948265,0.627079874,0.132395123,0.087015196
43.64742039,0.301533515,0.226481544,0.033642157,0.04515229
123.0283912,0.417147283,0.350152847,0.222164674,0.03009981
60.83753922,0.274673051,0.173174591,0.049541671,0.015870971
112.8101386,0.481060896,0.374336417,0.05577409,NA
94.03425387,0.447929849,0.465835439,0.040542739,0.112684506
174.7642929,0.749122777,0.502541709,0.030712661,0.005580116
60.85636198,0.276640247,0.339357378,0.210424879,0.001341058
117.0409323,0.61385063,0.317798996,0.171585371,0.072970089
105.5641722,0.350534537,0.312395586,0.204027642,0.045232166
100.9667025,0.666774518,0.474563515,0.081439771,0.101691516
128.5138313,0.970815332,0.53052419,0.267240048,0.05560958
164.4122321,0.687232379,0.592150196,0.062787499,0.048037793
125.5251651,0.526669877,0.596523104,0.14270006,0.112636705
133.1664011,1.114136504,0.475449105,0.044236675,0.058905182
35.96620417,0.26147641,0.190668673,0.039477592,0.10497559
81.33696744,0.400097462,0.386289257,0.079465284,0.065164286
64.3895448,0.269185278,0.350875585,0.138529064,0.139642777
99.59261506,0.331731647,0.264099384,0.104447344,NA
119.742573,0.620827675,0.531637469,0.138266087,0.011661979
158.2966428,0.829867147,0.45509264,0.155846313,0.310965993
97.42895805,0.82434068,0.48877374,0.147266524,0.045472579
48.47222721,0.186507284,0.24912144,0.046956365,0.002256545
115.0440081,0.436675137,0.597666283,0.145739116,0.099162404
69.49496154,0.220763485,0.426011515,0.183591847,0.028138444
131.0829486,0.439333891,0.731472062,0.116845946,0.020104482
96.89611728,0.373731251,0.325976477,0.16591611,0.040449422
142.0808161,0.516604744,0.594493971,0.106238168,0.056251942
102.5920992,0.445844379,0.423826638,0.070857882,0.040949381
107.9894048,0.459712101,0.547964949,0.096220929,0.068387661
44.68797412,0.133471869,0.138802839,0.053126016,NA
20.78977239,0.229598497,0.159424499,0.05156425,0.051639958
110.7506601,0.34861193,0.477928986,0.263787977,0.06003456
89.70118293,0.364641935,0.507997754,0.107587079,0.048285873
150.4617753,0.489818822,0.623046647,0.129801502,0.029929914
116.436018,0.309809431,0.285249915,0.17097538,0.360040218
105.9737813,0.554647573,0.308372624,0.11391225,NA
87.32722356,0.281757439,0.374075428,0.112132896,0.018275875
117.2072452,0.913302992,0.257186563,0.136096335,0.004334627
127.2269558,0.778551279,0.288906596,0.154618942,0.002654263
153.1327589,0.976775146,0.411506868,0.225553654,0.005754877
63.46384121,0.407001431,0.370865868,0.139251087,NA
89.30909091,2.651970153,0.342645738,0.028258452,0.033294919
99.38773238,0.581292524,0.519425578,0.141081912,0.09683029
124.7603598,0.68009038,0.444900192,0.057205559,0.150463771
143.2829754,1.416573222,0.341000574,0.107654711,0.180153327
78.85122239,0.363298873,0.259951824,0.065144162,0.144876334
101.8420859,0.63757951,0.38533132,0.137541277,0.06123137
126.9270894,0.727204045,0.370347819,0.094447507,0.062221126
75.17349866,0.549870233,0.37718565,0.169429849,0.091736818
97.62925378,0.464235,0.406169413,0.031150807,0.105141843
93.72510201,0.796519161,0.433510873,0.097877812,0.132638438
107.7133729,0.847189153,0.317009263,0.192569193,0.04738402
113.0269654,1.067495782,0.567205357,0.091952148,0.221640198
65.54158883,1.240923718,0.312872369,0.1007731,NA
85.14499749,0.569213368,0.407103255,0.132385678,0.033240186
95.49573921,0.414085979,0.415689763,0.159279432,0.007568119
136.744186,0.922460365,0.534723101,0.140069759,0.07773639
73.39170487,0.542122805,0.276973017,0.205479749,0.018887954
141.3840329,0.787911885,0.491357773,0.02625986,NA
123.7113402,1.337212839,0.499337487,0.028734412,0.005436201
72.73097688,0.40488431,0.325915425,0.134463045,0.105540426
82.25992716,0.406554708,0.702704586,0.162418067,0.021418492
89.35023706,0.760446499,0.283482956,0.182414497,0.042793326
150.1856691,0.892990387,0.540829617,0.060277727,0.045986159
111.0045432,0.97087085,0.374685849,0.05216237,0.004449246
84.81532148,0.594764467,0.284655821,0.104363921,0.123962161
52.32838356,0.250228645,0.206837934,0.092984343,NA
137.3738799,1.257016096,0.456612912,0.150660529,0.081679444
81.69814781,0.457470635,0.235924139,0.096216851,0.075653135
81.74834334,0.497006932,0.206171766,0.059347932,0.235243093
115.472494,0.412285312,0.505468931,0.0499714,NA
128.9856568,0.986385167,0.530677917,0.017353735,0.02922951
129.5108994,0.668006461,0.406463096,0.039303582,0.175485414
141.4382701,1.220392685,0.412184688,0.09637792,0.014891221
119.7059294,0.994075604,0.391275262,0.07554156,0.056623495
133.723892,1.190492516,0.589419986,0.035677285,0.005471185
79.42973523,0.478043871,0.253350078,0.120155384,0.058541361
85.07662724,0.442784104,0.349806996,0.079620565,0.003301477
32.38866397,0.141718335,0.109631165,NA,NA
64.45963063,0.590491495,0.427325269,0.080877375,0.177587126
88.77216021,0.736269309,0.370852706,0.076143471,NA
153.072588,1.167379224,0.458009626,0.11107508,0.271355339
124.7033441,1.004764064,0.456036881,0.012400014,0.112527205
103.2570047,0.883075737,0.460214857,0.081326515,0.046501653
129.6145594,0.822122596,0.520653297,0.095491059,NA
56.8217761,0.354365261,0.401766637,0.093994806,0.134092842
147.9856759,3.000516441,0.511940986,0.045328795,0.021707819
121.0474911,0.810141931,0.302817105,0.044574427,0.010373444
72.46843597,1.477278999,0.410546951,0.165471968,0.049099989
125.1069029,1.094337837,0.454351278,0.08674759,0.004321975
96.48433664,1.167222214,0.482046824,0.095252346,NA
136.4379871,3.096615926,0.522183829,0.081898857,0.011561136
122.2509702,1.447665282,0.274199861,0.076282739,0.021205979
42.42531377,5.51691154,0.460353997,0.024567486,0.039236668
149.7564475,1.276481698,0.292569532,0.096295804,0.016228751
79.06310729,0.666830101,0.334275597,0.12822389,0.010359422
75.97617472,0.477692347,0.30451799,0.21050391,0.037657061
42.33796957,0.299005765,0.146602041,0.087049741,0.024435701
48.24179018,0.371121016,0.13230137,0.000705467,NA
84.54673556,1.240012225,0.489018906,0.109156006,NA
73.46455138,0.46889053,0.278437406,0.252259617,0.026012189
46.38088545,0.295800576,0.321191107,0.255604883,NA
126.8656716,0.816613159,0.430045598,0.131311922,0.01672807
73.85252502,0.341643743,0.140647175,0.075999122,0.026887012
39.88136222,0.156965295,0.212906137,0.050318739,NA
50.21085925,0.24330568,0.196391927,0.124694227,0.029217663
129.8943244,0.913077409,0.391121652,0.123212913,0.035685505
89.51157813,0.603981701,0.252498381,0.030336172,NA
90.54136189,0.691843465,0.476616705,0.073886015,0.019926742
78.65567269,0.589058587,0.362338184,0.061069482,0.080314456
80.95613164,0.431896223,0.408406341,0.071102034,0.187122038
82.76677505,1.418867191,0.227930872,0.077794201,0.015781517
163.7395912,1.150148187,0.66704949,0.187481138,0.142277337
87.5313426,0.603965155,0.283546053,0.137770499,0.194265457
138.1858903,0.840639328,0.336850514,0.051551041,NA
175.5447942,1.441012322,0.617471047,0.025123045,0.013132512
106.1330807,0.717965547,0.507065805,0.144890299,0.104376633
63.12348059,0.503075383,0.40858993,0.005691568,0.098575682
50.69637883,2.2771034,0.14251871,0.043046283,0.234338613
39.5016459,0.287844951,0.112245328,0.011681768,0.138438881
115.7317289,0.543169514,0.290581887,0.07384892,0.003706692
133.3165481,1.204097274,0.617211145,0.238093439,0.039641602
62.76788958,0.977052134,0.398296521,0.057747079,0.006069526
123.9274906,1.132406276,0.401751152,0.065436004,0.108757941
120.8870282,1.112893592,0.463411638,0.051988654,0.00502325
69.0869683,0.5130308,0.12256242,0.005011846,0.031893567
111.2026359,2.980415387,0.454807177,0.11764105,0.014436435
119.5632393,0.969168517,0.500311447,0.170226922,0.141335083
83.2728153,1.539064898,0.380489398,0.067263878,NA
107.9759217,0.981126411,0.382437513,0.026338806,0.008786892
43.94154323,0.449884976,0.133317443,0.054517593,0.027367657
74.93436147,0.80577952,0.311409007,0.127209089,0.314663116
89.47274987,0.338891646,0.267559024,0.102437786,0.153711867
81.28513301,0.418497299,0.365327127,0.178774296,0.05313437
80.39384865,0.846432853,0.316682639,0.12991907,0.068191433
47.00107585,0.226852789,0.172204064,0.076081893,0.043717032
114.2200077,1.176426311,0.423409238,0.03868208,0.033357109
48.18293181,0.747112653,0.130232831,0.0219015,0.014022973
76.28008242,0.981920581,0.220699866,0.058721035,0.003088736
72.94314001,0.363628876,0.191536533,0.077533761,0.009800386
66.47823629,0.556631381,0.32006118,0.042139824,0.024380243
112.4710552,0.663499233,0.613614719,0.040768506,0.003991129
90.60861637,0.634338964,0.163099163,0.094789931,0.020036227
112.0800714,0.67643477,0.328328914,0.045272409,0.003235467
84.89440819,0.371464297,0.420186402,0.087299463,0.041024928
95.69548203,0.635465638,0.336558172,0.061581505,0.013385268
34.73887362,0.189971618,0.071415856,0.077349733,0.008009736
101.1313784,0.661492542,0.442768314,0.03689047,0.026035661
49.16984006,0.395642906,0.243811751,0.031217603,0.030217785
60.53492496,0.400079672,0.318055497,0.013066637,0.011921724
74.18938754,0.573734444,0.309939446,0.035093005,0.175962619
61.73577206,0.351484906,0.316250156,0.07764732,0.087041074
91.1172713,0.441364185,0.230420856,0.102086878,0.034182272
64.12695842,0.200789147,0.289594549,0.153454328,0.00646186
68.79622751,0.879901045,0.185603953,0.163547129,0.095501496
43.18799609,0.428514067,0.119798916,0.080574968,0.00751656
116.6057653,0.344131398,0.383312971,0.084765848,0.009086059
98.38006094,0.639499393,0.353613705,0.132740044,0.02293896
55.9809213,0.194351243,0.247418933,0.089185601,0.044501795
116.1647663,0.572758356,0.445325674,0.117027821,0.026089079
64.81226742,0.19764733,0.252944708,0.107374349,NA
115.2216001,0.608522734,0.489844911,0.041723304,0.00890936
65.20761505,0.243704165,0.223472414,0.086514497,0.003211556
84.93004554,0.285653084,0.448518031,0.12204724,0.043960059
39.58254983,0.160190695,0.117334515,0.037899582,0.019467161
104.0900285,0.268587871,0.276520132,0.083115545,0.011199932
94.38525394,0.451739428,0.47234165,0.041026156,0.120111416
111.2088209,0.294526319,0.300096841,0.170713462,0.008793507
88.78574081,0.295914097,0.419677081,0.078132056,0.008991865
105.0397151,0.289351711,0.267667736,0.102164055,NA
56.86575206,0.10600067,0.122389769,0.074061088,0.016637547
129.2082656,0.462662623,0.62780689,0.092125526,0.066954616
54.03072335,0.30766964,0.30896079,0.060306887,0.020214073
53.54643024,0.285690525,0.184555975,0.156102419,0.05581873
104.4851956,0.507710751,0.536374081,0.173378,0.00297451
135.3628238,0.363795261,0.515928767,0.06090599,0.004483324
56.57187446,0.160328651,0.101838259,0.074037711,0.010171941
85.34977991,0.499709755,0.424652658,0.04680822,0.032406867
131.3439521,0.279110423,0.694046394,0.091869749,0.002997897
139.8581398,0.377667144,0.65841427,0.140248928,0.033411601
43.52943243,0.21434029,0.177547805,0.020977891,NA
168.5531772,0.609609473,0.897111279,0.095154671,0.020635791
100.4314064,0.340444152,0.521616027,0.119355597,NA
77.1122177,0.402641382,0.217258184,0.091132167,0.042517427
155.7283567,0.494635481,0.396619905,0.262220575,0.050743119
114.9198145,0.416918953,0.280364885,0.105625786,0.077530276
93.52606869,0.208482875,0.431784978,0.112044738,0.031389504
100.3841097,0.319737098,0.469180341,0.102766584,0.046050514
85.97399318,0.570773562,0.250720624,0.037368831,0.041142164
57.36731525,0.110697143,0.239838715,0.15406995,0.044984807
64.77021993,0.177593046,0.167346111,0.083575256,0.001855563
70.4375667,0.294181649,0.393562798,0.150108188,0.063601432
94.6971528,0.348575807,0.482462106,0.117261994,0.016104318
96.29827774,0.176158932,0.320782481,0.104250144,0.042113138
98.84060893,0.262303618,0.312168888,0.145157823,0.071172106
111.3638431,0.285799019,0.390401888,0.224192757,0.043082559
55.27764365,2.279032916,0.207942365,0.063571758,0.023245438
105.5494179,0.477035043,0.460172415,0.098429509,0.014086467
123.7090172,1.347538628,0.635721391,0.144420282,0.021037639
91.44232986,0.717596915,0.364803145,0.169333635,0.033615914
51.78251344,0.658832427,0.169707084,0.043576391,NA
53.36982552,0.784180996,0.228870166,0.024648138,0.004929011
74.46699572,0.79980521,0.230040394,0.141013638,0.01552818
80.34060671,0.872249129,0.266967333,0.055083438,0.001943605
74.43372618,1.441351425,0.269133733,0.073520783,0.11758118
109.8932063,0.735163313,0.591680849,0.1474903,0.068109283
116.7227834,0.897344837,0.454584179,0.047908355,0.098526115
34.22194668,0.297389226,0.051020408,NA,0.248207391
117.2362855,1.008038075,0.372974078,0.144131739,0.009986929
106.9006781,1.028466466,0.439106762,0.125186621,0.00445245
87.87795743,1.07022134,0.414909294,0.115740189,0.01175837
99.65998897,0.645556102,0.460301875,0.075033445,0.026489613
104.1584158,0.744902483,0.334619243,0.055952471,0.014600367
80.89368259,0.60818208,0.481642456,0.098241132,0.12692766
55.15212795,0.393907679,0.25517447,0.086405988,0.001037
38.44546594,0.352217576,0.120795562,0.060737209,0.005802708
147.2887768,1.363152178,0.529485218,0.057067461,0.057080412
75.43582986,0.875218157,0.268267017,0.063935311,0.052812131
115.9657517,0.751222996,0.558605361,0.179070278,NA
73.02015328,0.467225428,0.349488901,0.040205154,0.013076143
71.51266874,0.746026852,0.26108133,0.071673177,0.084715892
71.43451836,0.331895862,0.225792142,0.030408683,0.006174565
88.28447219,1.25783476,0.200405523,0.051718289,0.014462521
110.484221,0.626808756,0.483434112,0.08026157,0.263346829
77.90336879,0.798678575,0.394013936,0.087860654,0.034170838
77.69042743,1.032627731,0.31383003,0.124704859,0.033731151
39.4137383,0.22188541,0.258500637,0.042806553,0.041121026
97.96999117,0.764482692,0.446780205,0.259788268,0.009519397
123.1917872,2.369369369,0.594594595,0.063063063,NA
36.26389631,0.563029845,0.190153311,0.07338806,0.001689646
102.5960126,0.667503905,0.347373813,0.07023346,0.102411483
72.55139057,0.238259669,0.214088398,NA,NA
82.44119146,0.73555986,0.227007645,0.044211324,0.039683807
39.31623932,NA,0.204981217,0.013897032,NA
78.40749415,3.368761529,0.246140641,0.147893073,0.125314162
90.29261496,0.927137039,0.283122873,0.171988819,0.052342801
118.9609128,0.975078553,0.602751513,0.058622656,0.092995389
18.64181092,0.309616297,0.008204118,0.02211545,0.000356701
75.26979646,1.540096778,0.361491769,0.187088785,0.051987204
50.0866137,1.159946739,0.244123088,0.022278183,0.130053716
69.38805104,1.322765522,0.156203177,0.122240985,NA
101.5555873,0.599643747,0.244292317,0.26241868,0.014890711
70.94126699,0.492305127,0.274945748,0.075067331,NA
86.28109583,0.727150416,0.391206564,0.06813594,0.188905866
69.35359581,0.503139005,0.242781583,0.084394931,0.021836118
92.79875438,0.849002833,0.5289609,0.068922537,0.01561821
58.56427533,1.810969759,0.290514444,0.262927557,0.226816776
60.20592628,0.898030105,0.126501602,0.081321939,0.024801587
95.81180699,0.522045531,0.331539152,0.236053966,0.086047843
33.94466895,0.768624831,0.220733053,0.019445182,0.002521434
70.31143131,1.65445093,0.340376083,0.018316861,NA
62.80769031,0.295055473,0.31939995,0.035244979,0.037140443
73.96552672,0.501231327,0.451588663,0.07756096,0.148154039
84.05211965,0.7414995,0.339724915,0.057881379,0.069219294
167.6720423,1.423990601,0.799953473,0.05654331,0.266274887
116.1620781,0.622460028,0.401938986,0.084759137,0.114840822
59.16814344,0.406370472,0.261729282,0.073075636,0.010311479
54.70445131,0.697751793,0.185403877,0.064900551,0.078212703
123.8921713,1.005785271,0.707539726,0.065716529,NA
60.08049061,0.392665772,0.300707251,0.0144865,0.009959999
110.6690778,0.912841859,0.423558623,0.062073246,0.018256837
23.68908081,0.112785185,0.128181258,NA,NA
54.30365719,0.510261096,0.198292336,0.318549444,0.056243376
62.13860361,0.493006339,0.313169245,0.055419023,0.001257134
106.8501677,0.875342637,0.405318874,0.181014922,NA
131.5441315,0.741757116,0.327319463,0.105559292,0.271213451
108.1754115,0.90492608,0.467996466,0.101565804,0.116279785
93.89765256,0.408098729,0.585305007,0.181902402,0.055801794
73.29192547,0.330806788,0.217839409,0.035171293,NA
99.59369735,0.482855626,0.45171174,0.120764057,0.044267824
84.50881877,1.097834414,0.410474428,0.041225014,0.00800707
130.0922367,0.688453437,0.723762799,0.100411802,0.002210305
50.70074196,0.298410183,0.193540442,0.127088401,0.021500761
104.3093457,0.632706844,0.273323558,0.083014468,0.053993852
62.18234852,0.398965627,0.422895114,0.128661609,NA
56.04665998,0.701863663,0.183742775,0.140026036,0.027526733
92.06967161,0.422432794,0.398939675,0.268220259,0.007388072
59.11645444,0.254000509,0.230241695,0.106151451,0.041145281
61.53417792,0.348686266,0.393641035,0.054807042,NA
147.281133,1.157513642,0.543570738,0.082413933,0.010319408
67.04447219,0.260759527,0.305302117,0.130739465,0.032572857
71.65094114,0.387202165,0.53393928,0.061096874,0.005373014
92.77555368,0.748998488,0.49223181,0.038677673,0.164333617
84.64901889,0.752430128,0.440683399,0.093592405,0.032355378
93.57567033,0.434723043,0.337924266,0.176326604,0.068403818
136.0165609,0.825737654,0.438131011,0.331339286,0.073122689
43.73430328,0.209887255,0.163925763,0.052252184,NA
76.16974973,0.805432511,0.597083968,0.064077933,0.006364103
127.7100941,0.818159276,0.668086245,0.143137358,0.015724307
74.35415008,0.445445902,0.176410331,0.106108565,0.066238917
59.59646282,0.292763792,0.243013197,0.066834335,0.073634976
71.83071248,0.577690568,0.371481008,0.077988308,0.044473328
137.9471436,0.770062615,0.458854944,0.130788547,0.014251454
86.08282417,0.554121857,0.552145424,0.063210359,0.039764136
71.91662641,0.440655257,0.474329744,0.089092934,NA
34.53976854,0.177189595,0.160112138,0.042918539,0.037475428
137.0054353,0.987545315,0.616851312,0.140068518,0.01154587
95.37035059,0.400195724,0.487393183,0.040403745,0.003753573
50.30721966,0.411665895,0.27996459,0.080836226,0.040283103
55.54480644,0.373725141,0.429709435,0.076193966,0.036398717
121.8147918,0.758983417,0.398200072,0.130920498,0.087245503
89.8336414,0.409163432,0.465475398,0.060954263,0.068984038
117.0220839,0.552783439,0.306768891,0.054537711,0.129389396
99.87017804,0.670172185,0.493431387,0.075811449,0.074656646
122.0363175,0.793174517,0.539572763,0.111918104,NA
129.8469284,1.014201124,0.608200836,0.165146081,0.009171382
158.6956522,1.380658252,0.621593224,0.048689039,0.015031214
114.9006885,0.70953384,0.428203643,0.182019096,0.009112596
115.2564178,0.764848729,0.342467965,0.007070992,0.046417505
111.6906042,0.957127095,0.528546669,0.033665469,0.005597525
112.2318334,0.807285062,0.581840257,0.072366309,NA
126.3719964,1.401974669,0.670348665,0.080686599,0.045794484
103.2712632,0.567871559,0.294682621,0.305986631,0.100440503
118.0936314,1.835514307,0.479396564,0.315233672,0.34375
124.090772,1.011011929,0.40530748,0.195048239,NA
157.0876741,1.673435234,0.54402984,0.034672167,0.015219523
136.0127947,1.19430027,0.70312963,0.131774669,0.098370906
51.05563137,0.270169417,0.353406397,0.000403454,0.0105938
79.65265623,0.755789377,0.124107511,0.030427852,0.03565645
110.1786456,0.638102894,0.370519595,0.210399018,0.087552787
65.64668209,0.664141441,0.260602124,0.042589372,0.058846744
90.96236655,0.521004529,0.349545051,0.092154279,0.000520183
92.61234831,0.807060535,0.314284429,0.07124879,0.040794926
113.2186156,1.012424585,0.538563938,0.091472471,0.011737476
109.5952577,0.748522653,0.374711668,0.079573337,0.013915565
107.2569734,0.557354599,0.510557529,0.052335146,NA
88.51618915,0.566419677,0.342525041,0.012340132,0.009731119
121.2868236,1.793333685,0.721152651,0.134325496,0.147400808
144.7082768,1.906898581,0.800543306,0.091767446,0.007771855
98.04558748,1.185761736,0.437170525,0.209487192,0.275846399
83.6969139,0.622035021,0.338124011,0.151605217,0.019469181
108.5404477,0.658661785,0.297811141,0.096302951,0.023086113
112.1993302,1.253811833,0.567256072,0.119223929,0.040512731
86.99642103,1.181506434,0.289886837,0.121273447,0.000454345
42.55047278,2.470905141,0.125864519,0.264290569,NA
106.1675361,1.847312421,0.479268559,0.087874857,0.038350928
67.48111536,0.53596259,0.235975335,0.220534638,0.00837217
177.5739892,1.38538059,0.48678289,0.049317725,0.006882317
85.60979996,0.919054449,0.21285358,0.07814882,0.02881293
57.46120908,0.786399004,0.382870423,0.035400621,NA
63.48504469,0.447561005,0.334277151,0.076629939,0.033466282
85.56521739,1.53606002,0.251001454,0.011201305,0.001394273
105.893186,2.773283798,0.362280047,0.037558586,0.026726479
52.02869072,0.645630097,0.355195572,0.046796032,0.019026239
91.2458872,1.659504162,0.361133363,0.087987968,0.040661529
77.52396733,0.520780383,0.25214557,0.084054348,NA
115.7098353,1.654673496,0.620117434,0.032369625,0.066785292
124.0274068,1.015462915,0.451503596,0.074217044,0.022340818
22.30359521,0.263986979,0.221752149,0.012104193,NA
114.7180193,0.849670976,0.33719307,0.080097303,0.241474064
134.7728425,1.072737368,0.275220749,0.122278598,0.287444735
76.14103396,0.428826671,0.409784964,0.08331749,0.001314302
92.51598345,1.543108566,0.442215526,0.139600393,0.071756402
63.51302677,0.65607206,0.144696716,0.261921188,0.022874467
63.06290175,0.643299038,0.327627202,0.080572684,NA
60.28340015,0.988245909,0.446686214,0.047452527,0.022306876
120.3331256,0.739562166,0.511110308,0.14449668,0.021647002
150.5046633,1.478447568,0.449145181,0.131182134,0.058548046
72.19865062,0.228052007,0.339958247,0.020531466,NA
181.0576636,2.106983646,0.188999168,0.227034863,0.007900298
142.8404168,1.199469971,0.72114848,0.075130824,0.032443781
103.9453313,0.894865754,0.374967945,0.097394538,0.031372475
54.0784137,0.322802198,0.035321821,0.003924647,NA
79.95089692,2.000214365,0.426449818,0.020191204,0.061321184
108.1174141,1.193479096,0.236369221,0.075401378,0.011948561
90.39517892,0.843670287,0.358589391,0.060313917,0.019369072
129.7470609,1.354916196,0.382937043,0.063296027,0.153903372
87.54729603,0.474300532,0.405411829,0.08762754,0.214491597
115.2159979,0.60850174,0.279085909,0.114137747,0.096969644
81.941147,0.611716903,0.322204798,0.15204417,0.08027743
88.81439161,1.132026613,0.40753591,0.149218254,0.060905759
124.5442334,1.050663931,0.499983611,0.420413043,0.04440466
82.08027134,1.479073404,0.562732435,0.094937533,NA
80.27744821,0.856905255,0.311955172,0.073589745,0.004185096
108.6937527,1.754747343,0.491429078,0.076481038,0.247872554
115.2105335,0.886928088,0.401682649,0.058136414,0.013978105
118.1263843,1.134758082,0.491772584,0.101875228,0.053935973
127.1295898,0.771914507,0.403092138,0.168390458,0.045332901
68.10360442,0.532073752,0.307303582,0.116641326,0.021520036
38.68255081,0.396825079,0.241059046,0.1068944,0.012574483
60.36645632,0.436203027,0.374478854,0.121072733,0.094502292
52.87994448,1.264874353,0.15977656,0.231296777,NA
85.95239392,0.673919106,0.214332983,0.108736989,0.008291649
67.73047174,0.584756049,0.241767087,0.010111265,0.042340588
52.44439086,1.840351117,0.123353529,0.05262654,0.007602217
73.67798796,0.57248286,0.171453701,0.194546529,0.003146036
48.8786659,0.522135328,0.253946439,0.065846796,0.205100478
100.6508249,0.683286817,0.367248594,0.231783618,0.018459098
78.94736842,1.439191765,0.190621426,0.004765536,NA
143.0261601,1.305084597,0.694002695,0.159718143,NA
104.7091866,0.953413053,0.445835685,0.135861895,0.040303833
73.98717347,1.159478026,0.276725255,0.012204098,0.001321277
151.7045455,0.873825076,0.391499771,0.035314952,0.072405006
67.79661017,0.96925085,0.300589508,0.076584742,NA
106.7912896,0.970457169,0.357091678,0.083532485,0.094032926
67.32782369,0.618867878,0.374679964,0.089477395,0.050107087
56.04790419,0.800206182,0.052618517,0.019431173,NA
64.02081978,0.471900131,0.218660093,0.036060307,NA
19.32606541,0.333204782,0.023139221,NA,NA
77.50613857,1.237107716,0.186874647,0.117175595,0.00903255
64.20927467,0.646996252,0.481162629,0.008057562,0.001320259
61.7308068,10.12355926,0.253306908,0.035480992,0.026662174
52.73686125,1.288514205,0.141148494,0.038938339,0.002050149
84.86991665,2.319892917,0.27291878,0.027720063,0.057052765
93.7582923,0.977444948,0.25582662,0.08790588,0.019118706
65.65754756,0.575525639,0.293121787,0.077226157,NA
81.08400303,0.762002543,0.418390809,0.010136616,0.035077245
82.89335969,0.641184685,0.273850638,0.1379232,0.060113664
64.89877594,0.359942975,0.235955143,0.086597207,0.015202927
80.17041053,0.905910417,0.163186421,0.145600676,0.045271548
50.58903436,0.465508383,0.090746024,0.080978633,NA
64.64425798,0.62039591,0.362435955,0.125588555,0.015736312
92.22674988,1.339975334,0.353073715,0.008739925,0.00303773
42.4980325,0.306444255,0.099518738,0.051140353,0.009544318
80.77170418,0.439182974,0.407876366,0.155167947,0.117457435
62.16784554,0.426782073,0.328922841,0.129437505,0.14504188
62.94816034,0.322404921,0.135256557,0.189802447,0.001070946
110.7570597,0.827026055,0.361175023,0.135390284,0.02407615
116.2171062,0.677445443,0.390706821,0.063863586,0.068567498
102.917856,0.855011027,0.492592645,0.055145208,0.005408829
44.23243712,0.448347442,0.209359941,0.029844352,0.017494461
77.90695418,1.735190534,0.394289098,0.171966964,0.065181536
103.2840184,0.718487667,0.459978648,0.100899386,0.086067767
112.4857054,0.694619552,0.456157982,0.242747516,0.008380426
39.89054974,0.43170667,0.205137486,0.04877593,NA
113.9410188,1.340285822,0.551050831,0.041064237,0.003836396
78.59821171,0.412894463,0.488363962,0.13195879,0.277920603
90.62997243,2.107699495,0.225756251,0.106195427,0.003373136
129.7727273,1.706279964,0.505726819,0.281028416,0.034529928
61.65693043,0.345742674,0.217178865,0.12366766,NA
76.7811983,0.858086971,0.472411349,0.029787319,0.00331663
70.84752017,0.79209954,0.375787602,0.149660672,0.070701684
73.83401437,0.588819837,0.439750986,0.061165633,0.006669245
74.41400252,1.276021382,0.648744527,0.145448958,0.022378478
43.80288701,0.219230648,0.220100623,0.074520256,0.022483294
82.13076786,0.564820621,0.311469639,0.048707475,0.011123695
44.11685971,0.258686051,0.191840859,0.047216109,0.069603114
65.54008722,0.346040395,0.341330385,0.09711398,NA
79.27849614,0.673880701,0.283371689,0.057593576,0.007860171
131.3777034,0.642093459,0.451352664,0.06961386,0.084497961
73.6816759,0.603527528,0.263236484,0.005697675,0.078448781
63.94084385,0.983600692,0.24925013,0.009125071,0.002944202
105.5094661,0.762267631,0.698653073,0.109960869,0.046546284
36.20173103,0.1017219,0.263659518,0.034263267,0.028113275
51.69606513,0.69262879,0.208909112,0.044527854,0.026742703
115.6237049,1.495823429,0.521022385,0.075639342,0.00238719
81.35338883,0.5456766,0.319214831,0.045142607,0.002183788
64.98626943,0.387423994,0.175516926,0.043661698,0.051349793
122.2621033,0.828676575,0.350169339,0.079476115,0.025468848
59.38518864,0.375222812,0.316028702,0.121959191,0.055018991
118.8438753,0.533262514,0.562293598,0.057505166,NA
90.99747229,0.755273665,0.189039257,0.13073743,NA
134.0484338,0.941662407,0.42336413,0.015015801,0.140636779
89.85835137,2.675875953,0.37263885,0.072883817,0.011165397
96.36929943,2.193097996,0.420411521,0.159161613,0.006434139
70.75931783,1.593018335,0.282672658,0.068585699,0.018644472
55.12367491,0.818937413,0.221177163,0.054939494,0.011774402
61.80517204,0.574553149,0.178911504,0.074131537,0.000445694
80.61450332,0.785537283,0.21390648,0.026787545,0.014126247
48.68752689,0.306361395,0.13479038,0.082866537,0.017075194
71.25275952,0.603384307,0.302713877,0.179404743,0.005481983
67.94992402,0.762358873,0.269481079,0.114411473,0.024172579
92.79549058,1.194886077,0.334409002,0.110268358,NA
61.26356094,0.168106771,0.167490905,NA,NA
65.6126122,0.918573717,0.346698098,0.051376717,0.110909759
85.59884955,0.464344892,0.538584131,0.267205959,0.01121597
84.92592389,1.646518895,0.451098259,0.194665985,0.070186382
48.40981412,0.190500545,0.11953425,0.017948642,0.068830711
66.88087588,0.728634655,0.239614395,0.420374761,0.003310355
86.4628821,0.68897575,0.425383223,0.115005048,0.014301394
60.26066956,0.682854389,0.207631248,0.019541377,NA
38.41420827,1.329196923,0.157386047,0.028096048,0.037877024
73.24075913,0.682687199,0.346363172,0.096679522,0.020315928
54.72510768,0.726383442,0.158022326,0.039381352,0.066229973
76.99275362,0.350571569,0.119473385,0.011165782,NA
32.35955056,0.362843657,0.019238858,0.011194502,0.007188069
115.8939416,0.614089548,0.537006821,0.133328926,0.065682302
84.10092111,0.912414365,0.445454825,0.331787042,NA
44.42398435,0.172988549,0.120518672,0.029195746,NA
65.20042426,0.5826274,0.276603289,0.021143214,0.039900872
37.3183422,0.783270501,0.191060235,0.009758328,0.00919602
100.3219237,0.575658079,0.439544744,0.065887494,0.066617897
66.25343787,0.530528428,0.349625844,0.131553902,0.04788605
80.58205779,0.654972721,0.173224976,0.046467745,0.09362443
74.94725562,1.063666362,0.249036573,0.046703595,0.002918174
72.95144158,0.511702379,0.191810445,0.186723989,0.048195066
51.38920067,0.545069583,0.156930046,0.053144762,0.043152803
91.41065831,1.048070035,0.463979541,0.088452122,0.128939135
98.63414634,0.507324629,0.423042517,0.142521461,0.054026546
78.3935815,0.424356721,0.22582871,0.048338365,0.074342771
82.6793722,0.589831758,0.281747157,0.129758892,0.175130848
57.19009118,0.277032151,0.24798763,0.23012561,0.002986852
109.7939084,3.121182833,0.457137503,0.061477231,0.041985627
75.86234622,0.495892308,0.358975574,0.141404985,0.123450064
40.59133049,0.225317029,0.011322464,0.001132246,NA
101.3143319,0.877292806,0.449745679,0.140525288,0.10126224
61.39882541,0.597158021,0.371562748,0.075857738,NA
56.56472752,0.263157895,0.109509886,0.085713415,0.00278474
107.6142814,0.628161621,0.297705662,0.162043047,0.031205533
52.5832798,0.260985588,0.086232317,0.152691002,0.017870796
39.86169425,0.71828038,0.133942759,0.033651929,NA
25.89296035,1.946189543,0.221903096,0.065558341,0.014978712
55.88429841,0.447924426,0.269567502,0.199788369,0.008832916
46.14398633,0.958691004,0.33921337,0.074540601,0.030660251
34.41860465,1.178328741,0.199636016,0.052607001,0.023764109
88.10932082,1.087069232,0.106200691,0.072748026,NA
19.07204997,0.140388683,0.070187458,0.003217284,NA
74.0427495,0.44370227,0.204557551,0.088794576,0.053198747
65.49965221,0.234598326,0.407796857,0.038832694,0.02601428
71.98628833,0.295452899,0.398658385,0.037562371,NA
44.9608487,0.241477836,0.155048105,0.160027749,0.169411434
66.83603674,0.740752339,0.333227615,0.081558829,0.014629073
43.8077634,0.499656832,0.139242202,0.02328108,NA
83.73378974,2.390622712,0.483346095,0.054842332,0.132768605
55.65047596,0.239085239,0.183330183,0.000945001,NA
90.7597139,0.524491792,0.276394616,0.082014264,0.012672563
84.83174284,0.454473145,0.298501292,0.100429686,0.085562711
96.30390144,0.673838,0.305515957,0.132292469,0.039929391
78.61264869,0.566233538,0.374438948,0.055824923,NA
118.0943409,0.726798123,0.385369444,0.079736902,0.129360763
54.26356589,0.673776662,0.415307403,0.035131744,NA
100.3333048,0.424402065,0.172054053,0.145415945,0.01190029
83.52284474,0.540971286,0.360593225,0.086824204,0.026826238
61.87560425,0.506645881,0.024614375,0.170249426,NA
135.0518007,1.086011474,0.34520448,0.069258474,0.024349566
82.0378348,0.514963228,0.505547124,0.103100179,0.127185266
99.53051643,0.834573934,0.493903014,0.141059436,0.045347376
113.1318279,0.585950415,0.477478649,0.094628312,0.070485421
94.91488314,0.434365271,0.47543932,0.202512646,0.038033951
111.984487,0.838647174,0.302730575,0.100894322,0.073175045
90.80567783,0.620590425,0.59156542,0.212490451,0.014953108
36.08940578,0.304556403,0.180265247,0.0829744,0.083431831
85.47252669,0.690807913,0.303446753,0.045799692,0.033799718
105.6518035,0.829947612,0.220071508,0.032357769,0.156377116
62.79911287,0.414953972,0.11256077,0.079498675,0.040656432
67.06996318,0.932054572,0.105460576,0.056251196,0.002057613
81.07015298,0.945194663,0.283661035,0.073952026,0.100545202
95.19191919,0.630509892,0.328794741,0.15137047,0.0640036
90.80691115,0.54697327,0.408601729,0.153312943,NA
92.06097802,0.845513891,0.234501171,0.110839386,0.011525114
59.93721991,0.288866986,0.209254535,0.033647153,0.069279699
95.98121469,0.801120068,0.300183589,0.121193875,0.088627997
94.08602151,1.165835965,0.304558652,0.097367501,0.041442592
127.9258401,0.865856699,0.513486883,0.177021651,0.031303626
47.34968967,0.543109526,0.240006454,0.22109709,0.066811798
85.14629792,0.853816523,0.426383664,0.162746322,NA
90.60778331,0.743490178,0.265054534,0.051838838,0.127087111
73.71734102,0.39696174,0.400067637,0.12193808,0.064289033
67.03497566,0.380001207,0.245788686,0.125389186,0.002398048
93.89984017,0.776854684,0.401065765,0.087968344,0.061134324
69.41770704,0.381461313,0.410532026,0.085542974,0.107148649
87.31604478,0.694198052,0.210329771,0.086948745,0.136570576
138.2104671,1.26714934,0.52891138,0.197198007,0.078965042
94.80386762,0.515845847,0.384338976,0.173593987,0.081870535
118.5537682,0.962974658,0.485413156,0.104192732,NA
56.5142039,0.547700146,0.138909371,0.03377911,0.000605796
73.75804469,0.413095903,0.279907295,0.104162187,0.128324057
149.1991831,1.099559748,0.36059887,0.062106448,0.063597323
63.21525886,0.272095567,0.185159661,0.046637365,NA
135.7039643,1.674165974,0.701114264,0.083415629,0.008447392
54.56140817,0.369564803,0.271454617,0.078824796,0.001356337
124.4393329,1.203883927,0.718978446,0.044890563,0.02521914
80.3099683,0.660939796,0.515516477,0.05164181,0.017023691
90.61648923,0.005133207,0.299009291,0.050048765,0.001283302
73.18506384,0.507172284,0.241538233,0.073971348,0.019521503
91.73517958,1.208113062,0.323570215,0.149483891,0.174051941
126.6063487,0.716293908,0.663800209,0.076481714,NA
115.4029566,1.106081006,0.396636469,0.045175707,0.008753783
72.92732856,0.396583038,0.301752627,0.125752788,0.023830899
70.2161169,0.440244183,0.27020976,0.005601965,0.161840896
118.4405774,1.561112156,0.268224213,0.016886224,0.016098569
67.74193548,0.911995866,0.281945606,0.018554615,0.119836704
119.9928362,0.969198229,0.333867024,0.124074023,0.029735104
69.04007183,0.666412297,0.34544311,0.102492209,0.124955667
61.49094483,0.119624756,0.305600085,NA,NA
107.552738,0.551775028,0.442666853,0.118832004,NA
62.38779174,0.564985517,0.419435025,0.037741379,0.003459011
118.6792745,1.201720892,0.384853662,0.077720128,0.051451844
108.4410339,0.837644052,0.425823169,0.048307728,0.002584442
120.3960396,0.892733687,0.322892317,0.098275405,0.050014866
123.5125311,2.318318258,0.394336046,0.159233127,0.016217324
19.29688366,0.151206906,0.035464893,0.002474295,NA
17.9660641,0.002389258,0.085747811,0.004778516,NA
84.34693646,0.675273469,0.279703055,0.07297929,0.031040315
121.9829549,1.56289464,0.756536408,0.078666407,0.009050757
55.84893583,0.290237224,0.135465679,0.064062043,0.033311103
60.33682737,0.720146352,0.251017009,0.054208151,0.016656526
80.29267353,0.419119867,0.269406969,0.114006458,0.018584806
101.5041242,0.753870917,0.452836172,0.118732003,0.029585978
62.5968626,0.731950975,0.251017728,0.029162296,NA
125.4465593,1.694269482,0.68411535,0.043979384,0.155279492
106.5642626,0.742336914,0.338678034,0.130262252,0.016131816
48.62941487,0.517766263,0.118431307,0.067842605,0.002344784
72.98951049,0.45304184,0.410439442,0.02925764,0.16083654
51.3774658,0.431394599,0.325707658,0.121824547,0.000679532
82.70958823,1.105221174,0.293202166,0.108313558,0.023584905
125.2803719,2.017135457,0.636264318,0.137130027,0.045916174
108.7958325,1.174482913,0.486223953,0.299740947,0.125416434
68.00325115,0.793417817,0.308813351,0.124550851,0.02771224
108.1830791,0.896868107,0.585523626,0.098597731,NA
59.36285358,0.779453337,0.202992516,0.010912031,0.017141286
50.85940647,0.518514908,0.15388076,0.053846027,0.080828576
96.48214044,0.926119617,0.408492159,0.077472703,0.009717934
64.74168481,1.688844206,0.28299442,0.039120955,0.051946729
70.22900763,2.702923626,0.185281055,NA,NA
91.26747563,0.458580653,0.499428095,0.076583421,0.06831419
107.4332777,1.572532005,0.31305052,0.144428647,0.033451512
120.7479162,0.51469545,0.336856642,0.067478617,0.007489941
39.86885706,0.283489702,0.168014117,0.032405384,0.001581166
88.13902121,0.607731586,0.301618749,0.050979523,NA
78.21835959,NA,0.103400735,0.218290441,NA
142.272,1.306336915,0.634392644,0.114849559,0.037192582
75.53869744,0.451650257,0.174816924,0.116842535,0.050607287
50.02359604,1.1271259,0.250902462,0.071622718,0.017718575
63.27870547,0.55769256,0.247505797,0.039610911,0.061187819
61.47082003,0.260596242,0.138258536,0.041924462,0.01042742
97.32074278,1.935869519,0.362998621,0.169681397,0.02912038
85.49222798,2.035364036,0.387384973,0.047667425,0.210314767
55.2249907,0.774515138,0.340454113,0.189291837,NA
102.3760634,0.867039813,0.545015756,0.090496942,0.076968754
61.3499282,0.292833363,0.357882283,0.033368253,NA
70.30900134,0.28644784,0.16339786,0.050632083,0.017861396
75.66980449,0.415874204,0.22409914,0.049706393,0.003436702
65.59626733,0.717931353,0.423871142,0.061113426,0.007107922
101.4170334,0.351069375,0.380705466,0.136595847,0.061204079
134.8337666,0.79191222,0.682192647,0.15281056,0.023936389
78.05997991,2.028714519,0.526095274,0.050197989,NA
80.05855196,0.634889277,0.310540325,0.093429345,0.132462366
64.1817959,0.928131035,0.341483861,0.048548149,0.082826005
113.9474089,0.672134224,0.681699498,0.090165927,0.015751064
58.46376114,0.315005259,0.230630273,0.018906026,0.341542007
69.98819362,0.672892586,0.33281889,0.196343283,0.013149185
76.52780327,0.944479942,0.353515313,0.129446944,0.031532243
67.46339697,1.021438866,0.296199886,0.098111078,NA
19.74433616,0.248934356,0.119778346,0.033248082,NA
58.98265998,0.368994503,0.296716647,0.060979396,0.044761602
74.15730337,0.425179655,0.446976601,0.061346789,0.051605154
66.97984018,1.083801731,0.448026371,0.061532014,0.068608288
91.85570101,0.406057438,0.463824572,0.156456791,0.388418241